"Date","Price","Open","High","Low","Vol.","Change %"
"05/03/2024","2,420","2,460","2,460","2,400","30.80K","-1.63%"
"05/02/2024","2,460","2,470","2,480","2,440","8.10K","-0.40%"
"04/30/2024","2,470","2,420","2,470","2,420","18.00K","1.23%"
"04/29/2024","2,440","2,440","2,440","2,400","36.80K","0.00%"
"04/26/2024","2,440","2,490","2,490","2,430","9.80K","-2.01%"
"04/25/2024","2,490","2,480","2,510","2,470","6.00K","0.40%"
"04/24/2024","2,480","2,510","2,510","2,480","15.30K","0.00%"
"04/23/2024","2,480","2,470","2,500","2,460","4.90K","0.00%"
"04/22/2024","2,480","2,460","2,510","2,450","11.00K","0.81%"
"04/19/2024","2,460","2,490","2,500","2,450","25.40K","-1.60%"
"04/18/2024","2,500","2,530","2,530","2,490","27.40K","-1.19%"
"04/17/2024","2,530","2,520","2,530","2,450","81.80K","0.40%"
"04/16/2024","2,520","2,500","2,540","2,490","59.80K","0.00%"
"04/05/2024","2,520","2,480","2,530","2,480","20.60K","1.61%"
"04/04/2024","2,480","2,550","2,550","2,470","59.10K","-0.80%"
"04/03/2024","2,500","2,570","2,570","2,500","83.70K","-2.72%"
"04/02/2024","2,570","2,620","2,620","2,540","97.50K","-2.28%"
"04/01/2024","2,630","2,640","2,660","2,610","239.80K","0.77%"
"03/28/2024","2,610","2,620","2,650","2,600","136.70K","0.00%"
"03/27/2024","2,610","2,600","2,620","2,600","146.60K","0.00%"
"03/26/2024","2,610","2,610","2,610","2,580","13.60K","0.00%"
"03/25/2024","2,610","2,610","2,620","2,580","254.70K","0.00%"
"03/22/2024","2,610","2,610","2,620","2,580","29.40K","0.00%"
"03/21/2024","2,610","2,590","2,610","2,590","49.50K","0.77%"
"03/20/2024","2,590","2,580","2,590","2,580","5.00K","0.39%"
"03/19/2024","2,580","2,620","2,620","2,560","102.40K","-1.15%"
"03/18/2024","2,610","2,600","2,610","2,570","30.90K","0.38%"
"03/15/2024","2,600","2,590","2,670","2,580","253.00K","0.39%"
"03/14/2024","2,590","2,570","2,590","2,570","24.40K","0.78%"
"03/13/2024","2,570","2,600","2,600","2,570","20.70K","-0.77%"
"03/08/2024","2,590","2,590","2,600","2,560","128.90K","0.00%"
"03/07/2024","2,590","2,600","2,600","2,580","21.50K","-0.38%"
"03/06/2024","2,600","2,590","2,600","2,590","12.90K","0.00%"
"03/05/2024","2,600","2,610","2,610","2,590","31.90K","-0.38%"
"03/04/2024","2,610","2,610","2,610","2,600","39.60K","0.00%"
"03/01/2024","2,610","2,610","2,620","2,600","14.60K","-0.38%"
"02/29/2024","2,620","2,620","2,620","2,600","9.90K","0.00%"
"02/28/2024","2,620","2,630","2,630","2,610","51.60K","-0.10%"
"02/27/2024","2,623","2,623","2,673","2,613","180.30K","0.38%"
"02/26/2024","2,613","2,603","2,613","2,573","58.56K","0.38%"
"02/23/2024","2,603","2,583","2,603","2,573","122.74K","0.77%"
"02/22/2024","2,583","2,603","2,613","2,563","243.48K","-0.38%"
"02/21/2024","2,593","2,583","2,603","2,583","6.82K","0.39%"
"02/20/2024","2,583","2,603","2,603","2,573","11.63K","-0.77%"
"02/19/2024","2,603","2,583","2,603","2,583","49.14K","0.77%"
"02/16/2024","2,583","2,593","2,593","2,583","45.33K","-0.38%"
"02/15/2024","2,593","2,603","2,603","2,573","35.30K","0.78%"
"02/13/2024","2,573","2,563","2,573","2,563","10.13K","-0.77%"
"02/12/2024","2,593","2,593","2,593","2,553","16.55K","0.00%"
"02/07/2024","2,593","2,583","2,603","2,563","8.72K","0.39%"
"02/06/2024","2,583","2,593","2,593","2,563","6.12K","-0.38%"
"02/05/2024","2,593","2,593","2,593","2,573","11.13K","0.78%"
"02/02/2024","2,573","2,593","2,593","2,553","15.04K","-0.39%"
"02/01/2024","2,583","2,583","2,593","2,563","3.21K","-0.38%"
"01/31/2024","2,593","2,563","2,593","2,563","5.01K","0.00%"
"01/30/2024","2,593","2,583","2,593","2,583","2.31K","0.39%"
"01/29/2024","2,583","2,573","2,583","2,553","6.62K","0.00%"
"01/26/2024","2,583","2,573","2,593","2,563","36.20K","0.39%"
"01/25/2024","2,573","2,573","2,593","2,563","6.62K","0.00%"
"01/24/2024","2,573","2,593","2,593","2,563","60.07K","-0.77%"
"01/23/2024","2,593","2,583","2,593","2,583","26.57K","0.00%"
"01/22/2024","2,593","2,603","2,613","2,573","13.74K","0.39%"
"01/19/2024","2,583","2,593","2,593","2,583","2.61K","-0.38%"
"01/18/2024","2,593","2,583","2,603","2,583","2.81K","-0.76%"
"01/17/2024","2,613","2,603","2,613","2,583","11.83K","0.38%"
"01/16/2024","2,603","2,593","2,603","2,583","66.79K","0.00%"
"01/15/2024","2,603","2,613","2,613","2,593","3.61K","-0.38%"
"01/12/2024","2,613","2,613","2,613","2,573","20.96K","0.00%"
"01/11/2024","2,613","2,603","2,613","2,593","14.44K","0.00%"
"01/10/2024","2,613","2,583","2,613","2,583","14.94K","0.38%"
"01/09/2024","2,603","2,623","2,623","2,573","14.64K","-0.76%"
"01/08/2024","2,623","2,623","2,623","2,613","4.21K","0.00%"
"01/05/2024","2,623","2,623","2,633","2,613","13.94K","0.00%"
"01/04/2024","2,623","2,593","2,623","2,593","14.94K","-0.38%"
"01/03/2024","2,633","2,613","2,633","2,603","3.91K","0.76%"
"01/02/2024","2,613","2,613","2,613","2,593","2.11K","0.00%"
"12/29/2023","2,613","2,623","2,623","2,593","7.62K","-0.38%"
"12/28/2023","2,623","2,633","2,633","2,593","30.69K","-0.38%"
"12/27/2023","2,633","2,613","2,643","2,583","14.64K","0.76%"
"12/22/2023","2,613","2,623","2,623","2,593","10.53K","-0.38%"
"12/21/2023","2,623","2,623","2,623","2,603","3.51K","0.77%"
"12/20/2023","2,603","2,583","2,643","2,583","74.91K","0.77%"
"12/19/2023","2,583","2,593","2,593","2,583","43.82K","-0.38%"
"12/18/2023","2,593","2,633","2,693","2,583","79.92K","-1.14%"
"12/15/2023","2,623","2,593","2,623","2,593","60.37K","0.38%"
"12/14/2023","2,613","2,613","2,633","2,553","51.04K","0.00%"
"12/13/2023","2,613","2,613","2,613","2,593","11.73K","-0.38%"
"12/12/2023","2,623","2,643","2,643","2,563","38.61K","-0.75%"
"12/11/2023","2,643","2,623","2,643","2,623","8.52K","0.76%"
"12/08/2023","2,623","2,633","2,633","2,613","4.51K","0.00%"
"12/07/2023","2,623","2,623","2,623","2,563","274.86K","0.00%"
"12/06/2023","2,623","2,693","2,693","2,563","15.44K","-0.38%"
"12/05/2023","2,633","2,673","2,673","2,633","26.98K","-1.49%"
"12/04/2023","2,673","2,693","2,693","2,643","4.81K","0.37%"
"12/01/2023","2,663","2,683","2,683","2,643","16.95K","-0.74%"
"11/30/2023","2,683","2,663","2,683","2,643","13.64K","-0.37%"
"11/29/2023","2,693","2,653","2,702","2,603","84.94K","1.12%"
"11/28/2023","2,663","2,643","2,663","2,643","15.24K","0.75%"
"11/27/2023","2,643","2,643","2,643","2,623","32.79K","0.38%"
"11/24/2023","2,633","2,593","2,633","2,583","7.52K","1.54%"
"11/23/2023","2,593","2,623","2,643","2,593","8.82K","-1.14%"
"11/22/2023","2,623","2,583","2,623","2,573","1.20K","-0.38%"
"11/21/2023","2,633","2,593","2,633","2,563","53.85K","0.00%"
"11/20/2023","2,633","2,643","2,653","2,573","7.12K","0.38%"
"11/17/2023","2,623","2,633","2,633","2,613","2.21K","0.00%"
"11/16/2023","2,623","2,633","2,633","2,613","2.61K","0.00%"
"11/15/2023","2,623","2,623","2,633","2,593","88.95K","0.00%"
"11/14/2023","2,623","2,593","2,623","2,553","74.11K","1.15%"
"11/13/2023","2,593","2,573","2,593","2,553","2.41K","0.78%"
"11/10/2023","2,573","2,593","2,593","2,573","1.50K","-1.15%"
"11/09/2023","2,603","2,603","2,603","2,553","2.11K","0.00%"
"11/08/2023","2,603","2,603","2,603","2,553","17.15K","0.00%"
"11/07/2023","2,603","2,623","2,623","2,593","1.60K","0.38%"
"11/06/2023","2,593","2,563","2,603","2,563","12.54K","1.17%"
"11/03/2023","2,563","2,563","2,563","2,553","8.42K","0.78%"
"11/02/2023","2,543","2,523","2,543","2,513","108.20K","1.19%"
"11/01/2023","2,513","2,513","2,543","2,513","34.80K","-0.79%"
"10/31/2023","2,533","2,543","2,573","2,493","8.72K","-0.39%"
"10/30/2023","2,543","2,563","2,563","2,543","4.91K","-0.78%"
"10/27/2023","2,563","2,553","2,573","2,513","23.37K","-1.15%"
"10/26/2023","2,593","2,553","2,593","2,553","1.91K","0.00%"
"10/25/2023","2,593","2,543","2,593","2,523","14.04K","1.96%"
"10/24/2023","2,543","2,603","2,603","2,533","45.43K","-1.92%"
"10/23/2023","2,593","2,613","2,623","2,593","26.57K","-0.38%"
"10/20/2023","2,603","2,603","2,623","2,593","63.38K","-0.38%"
"10/19/2023","2,613","2,593","2,623","2,593","193.54K","0.00%"
"10/18/2023","2,613","2,613","2,613","2,603","8.12K","0.00%"
"10/17/2023","2,613","2,623","2,633","2,603","19.86K","-0.38%"
"10/16/2023","2,623","2,653","2,653","2,613","3.41K","-1.13%"
"10/13/2023","2,653","2,643","2,663","2,603","27.78K","0.38%"
"10/12/2023","2,643","2,643","2,643","2,633","9.93K","-0.75%"
"10/11/2023","2,663","2,633","2,663","2,623","5.42K","0.00%"
"10/10/2023","2,663","2,593","2,663","2,593","2.11K","0.00%"
"10/09/2023","2,663","2,593","2,663","2,593","9.93K","2.30%"
"10/06/2023","2,603","2,683","2,683","2,373","142.60K","-2.97%"
"10/05/2023","2,683","2,683","2,683","2,683","0.20K","0.00%"
"10/04/2023","2,683","2,653","2,683","2,653","6.32K","-0.37%"
"10/03/2023","2,693","2,693","2,693","2,683","19.86K","0.00%"
"10/02/2023","2,693","2,673","2,693","2,653","15.04K","0.00%"
"09/29/2023","2,693","2,702","2,702","2,673","11.43K","-0.37%"
"09/27/2023","2,702","2,712","2,712","2,673","9.23K","-0.37%"
"09/26/2023","2,712","2,702","2,712","2,673","700.24K","0.37%"
"09/25/2023","2,702","2,722","2,722","2,702","19.76K","-0.73%"
"09/22/2023","2,722","2,732","2,732","2,683","16.15K","-0.36%"
"09/21/2023","2,732","2,732","2,742","2,693","126.25K","0.00%"
"09/20/2023","2,732","2,722","2,732","2,722","60.97K","0.37%"
"09/19/2023","2,722","2,702","2,722","2,702","50.94K","0.00%"
"09/18/2023","2,722","2,722","2,722","2,702","7.42K","0.00%"
"09/15/2023","2,722","2,722","2,722","2,702","4.91K","0.00%"
"09/14/2023","2,722","2,693","2,752","2,693","16.25K","0.37%"
"09/13/2023","2,712","2,702","2,712","2,702","7.32K","0.00%"
"09/12/2023","2,712","2,693","2,712","2,693","20.46K","0.00%"
"09/11/2023","2,712","2,722","2,722","2,693","5.92K","-0.37%"
"09/08/2023","2,722","2,693","2,722","2,683","11.73K","0.00%"
"09/07/2023","2,722","2,702","2,722","2,702","16.75K","0.37%"
"09/06/2023","2,712","2,712","2,712","2,693","86.04K","0.00%"
"09/05/2023","2,712","2,722","2,722","2,693","118.43K","-0.37%"
"09/04/2023","2,722","2,722","2,722","2,702","25.47K","0.00%"
"09/01/2023","2,722","2,722","2,732","2,712","62.77K","-0.36%"
"08/31/2023","2,732","2,732","2,732","2,722","20.96K","0.37%"
"08/30/2023","2,722","2,732","2,732","2,712","0.80K","-0.36%"
"08/29/2023","2,732","2,712","2,732","2,702","4.21K","0.00%"
"08/28/2023","2,732","2,752","2,752","2,712","16.35K","-0.36%"
"08/25/2023","2,742","2,732","2,742","2,722","9.93K","0.00%"
"08/24/2023","2,742","2,722","2,742","2,722","23.06K","0.73%"
"08/23/2023","2,722","2,693","2,752","2,683","16.75K","1.11%"
"08/22/2023","2,693","2,722","2,722","2,683","46.13K","-1.10%"
"08/21/2023","2,722","2,752","2,752","2,712","120.53K","-1.09%"
"08/18/2023","2,752","2,762","2,762","2,732","31.69K","-0.36%"
"08/16/2023","2,762","2,762","2,762","2,742","28.58K","0.00%"
"08/15/2023","2,762","2,752","2,762","2,742","8.42K","0.36%"
"08/14/2023","2,752","2,752","2,762","2,722","39.61K","0.00%"
"08/11/2023","2,752","2,752","2,762","2,752","197.35K","0.00%"
"08/10/2023","2,752","2,762","2,762","2,752","77.42K","-0.36%"
"08/09/2023","2,762","2,752","2,772","2,732","64.28K","0.73%"
"08/08/2023","2,742","2,742","2,762","2,712","16.65K","-0.72%"
"08/07/2023","2,762","2,722","2,762","2,712","100.88K","1.47%"
"08/04/2023","2,722","2,693","2,722","2,693","9.53K","0.00%"
"08/03/2023","2,722","2,683","2,722","2,683","19.15K","0.00%"
"08/02/2023","2,722","2,712","2,722","2,673","54.15K","0.37%"
"08/01/2023","2,712","2,722","2,722","2,683","13.44K","-0.37%"
"07/31/2023","2,722","2,693","2,722","2,673","57.76K","1.11%"
"07/28/2023","2,693","2,693","2,722","2,663","59.77K","-1.10%"
"07/27/2023","2,722","2,762","2,772","2,693","146.71K","-1.44%"
"07/26/2023","2,762","2,752","2,772","2,742","107.20K","0.36%"
"07/25/2023","2,752","2,742","2,752","2,732","47.03K","0.73%"
"07/24/2023","2,732","2,732","2,732","2,712","121.74K","0.37%"
"07/21/2023","2,722","2,752","2,772","2,722","19.86K","-1.09%"
"07/20/2023","2,752","2,722","2,752","2,722","97.37K","1.10%"
"07/18/2023","2,722","2,752","2,752","2,693","190.33K","-1.09%"
"07/17/2023","2,752","2,742","2,762","2,693","180.70K","0.36%"
"07/14/2023","2,742","2,732","2,782","2,712","123.84K","0.00%"
"07/13/2023","2,742","2,762","2,762","2,742","48.13K","-0.36%"
"07/12/2023","2,752","2,752","2,792","2,742","26.98K","0.00%"
"07/11/2023","2,752","2,752","2,752","2,732","21.96K","0.00%"
"07/10/2023","2,752","2,732","2,772","2,732","91.65K","1.10%"
"07/07/2023","2,722","2,772","2,772","2,643","84.43K","-1.80%"
"07/06/2023","2,772","2,762","2,772","2,702","117.13K","0.36%"
"07/05/2023","2,762","2,772","2,802","2,742","121.44K","0.00%"
"07/04/2023","2,762","2,762","2,782","2,722","154.43K","0.00%"
"07/03/2023","2,762","2,702","2,762","2,702","274.96K","2.21%"
"06/27/2023","2,702","2,693","2,702","2,673","62.67K","0.37%"
"06/26/2023","2,693","2,693","2,702","2,663","81.53K","0.75%"
"06/23/2023","2,673","2,673","2,673","2,643","82.73K","0.37%"
"06/22/2023","2,663","2,643","2,663","2,613","68.29K","0.38%"
"06/21/2023","2,653","2,593","2,653","2,593","38.91K","1.14%"
"06/20/2023","2,623","2,623","2,643","2,613","13.84K","0.00%"
"06/19/2023","2,623","2,633","2,643","2,593","31.99K","0.38%"
"06/16/2023","2,613","2,623","2,633","2,593","64.08K","0.38%"
"06/15/2023","2,603","2,613","2,613","2,593","18.35K","-0.38%"
"06/14/2023","2,613","2,603","2,613","2,583","10.03K","0.00%"
"06/13/2023","2,613","2,593","2,623","2,583","72.00K","0.77%"
"06/12/2023","2,593","2,583","2,603","2,553","52.55K","0.39%"
"06/09/2023","2,583","2,563","2,583","2,563","11.63K","0.39%"
"06/08/2023","2,573","2,573","2,583","2,553","19.96K","-0.39%"
"06/07/2023","2,583","2,583","2,583","2,553","9.63K","0.00%"
"06/06/2023","2,583","2,583","2,583","2,553","28.38K","0.00%"
"06/05/2023","2,583","2,583","2,593","2,553","19.25K","0.00%"
"05/31/2023","2,583","2,583","2,583","2,553","24.37K","0.00%"
"05/30/2023","2,583","2,583","2,583","2,533","16.15K","0.39%"
"05/29/2023","2,573","2,583","2,583","2,543","60.77K","-0.39%"
"05/26/2023","2,583","2,583","2,593","2,493","48.64K","0.00%"
"05/25/2023","2,583","2,603","2,603","2,573","11.03K","-0.77%"
"05/24/2023","2,603","2,603","2,603","2,583","12.54K","0.00%"
"05/23/2023","2,603","2,563","2,623","2,553","104.39K","1.95%"
"05/22/2023","2,553","2,473","2,563","2,473","65.38K","3.23%"
"05/19/2023","2,473","2,513","2,513","2,463","27.68K","-1.59%"
"05/17/2023","2,513","2,553","2,553","2,513","13.64K","-1.56%"
"05/16/2023","2,553","2,553","2,553","2,523","113.82K","0.00%"
"05/15/2023","2,553","2,553","2,563","2,533","111.31K","0.00%"
"05/12/2023","2,553","2,543","2,553","2,543","31.79K","0.39%"
"05/11/2023","2,543","2,553","2,553","2,533","32.29K","-0.39%"
"05/10/2023","2,553","2,523","2,553","2,523","98.67K","1.19%"
"05/09/2023","2,523","2,493","2,533","2,493","109.60K","0.80%"
"05/08/2023","2,503","2,493","2,523","2,473","87.34K","1.21%"
"05/05/2023","2,473","2,463","2,493","2,433","21.86K","0.81%"
"05/04/2023","2,453","2,473","2,473","2,453","21.76K","-0.81%"
"05/03/2023","2,473","2,493","2,493","2,453","50.74K","-0.40%"
"05/02/2023","2,483","2,473","2,503","2,413","73.30K","-2.35%"
"04/28/2023","2,543","2,543","2,553","2,493","203.67K","0.00%"
"04/27/2023","2,543","2,553","2,553","2,513","28.78K","-0.39%"
"04/26/2023","2,553","2,533","2,553","2,533","184.61K","1.59%"
"04/18/2023","2,513","2,503","2,543","2,473","156.64K","0.40%"
"04/17/2023","2,503","2,503","2,523","2,483","129.56K","0.00%"
"04/14/2023","2,503","2,503","2,513","2,473","18.85K","0.40%"
"04/13/2023","2,493","2,483","2,493","2,463","30.08K","0.40%"
"04/12/2023","2,483","2,503","2,503","2,473","12.54K","-0.40%"
"04/11/2023","2,493","2,483","2,513","2,473","6.82K","0.00%"
"04/10/2023","2,493","2,483","2,533","2,473","14.34K","0.40%"
"04/06/2023","2,483","2,493","2,493","2,463","28.48K","-0.40%"
"04/05/2023","2,493","2,463","2,503","2,463","15.24K","0.81%"
"04/04/2023","2,473","2,483","2,483","2,463","7.22K","-0.40%"
"04/03/2023","2,483","2,493","2,493","2,473","9.33K","-0.40%"
"03/31/2023","2,493","2,463","2,493","2,443","12.64K","1.21%"
"03/30/2023","2,463","2,513","2,513","2,463","27.38K","-1.98%"
"03/29/2023","2,513","2,503","2,513","2,483","11.33K","0.40%"
"03/28/2023","2,503","2,463","2,513","2,463","16.15K","2.03%"
"03/27/2023","2,453","2,483","2,483","2,453","4.21K","-1.20%"
"03/24/2023","2,483","2,483","2,483","2,433","7.22K","0.00%"
"03/21/2023","2,483","2,413","2,483","2,413","13.54K","1.63%"
"03/20/2023","2,443","2,473","2,553","2,403","22.16K","-1.61%"
"03/17/2023","2,483","2,393","2,493","2,393","25.67K","3.75%"
"03/16/2023","2,393","2,423","2,453","2,393","20.86K","-2.44%"
"03/15/2023","2,453","2,433","2,453","2,433","9.83K","0.82%"
"03/14/2023","2,433","2,443","2,483","2,433","8.12K","-0.81%"
"03/13/2023","2,453","2,453","2,453","2,443","16.15K","-0.40%"
"03/10/2023","2,463","2,473","2,503","2,453","32.39K","-0.40%"
"03/09/2023","2,473","2,473","2,473","2,443","16.05K","0.00%"
"03/08/2023","2,473","2,493","2,493","2,463","15.54K","-0.80%"
"03/07/2023","2,493","2,513","2,513","2,483","15.94K","-1.57%"
"03/06/2023","2,533","2,503","2,553","2,503","11.53K","1.19%"
"03/03/2023","2,503","2,513","2,523","2,473","9.63K","-0.40%"
"03/02/2023","2,513","2,513","2,513","2,473","43.42K","0.00%"
"03/01/2023","2,513","2,513","2,563","2,503","51.84K","0.00%"
"02/28/2023","2,513","2,503","2,513","2,473","19.25K","0.40%"
"02/27/2023","2,503","2,513","2,513","2,493","14.24K","-1.18%"
"02/24/2023","2,533","2,533","2,533","2,493","7.32K","0.00%"
"02/23/2023","2,533","2,533","2,533","2,493","1.60K","0.00%"
"02/22/2023","2,533","2,493","2,533","2,493","4.51K","0.40%"
"02/21/2023","2,523","2,513","2,543","2,493","11.03K","-0.39%"
"02/20/2023","2,533","2,523","2,543","2,513","27.08K","0.40%"
"02/17/2023","2,523","2,493","2,533","2,483","9.03K","1.20%"
"02/16/2023","2,493","2,483","2,503","2,483","18.85K","0.40%"
"02/15/2023","2,483","2,483","2,493","2,483","17.25K","0.00%"
"02/14/2023","2,483","2,493","2,493","2,473","10.03K","0.40%"
"02/13/2023","2,473","2,473","2,493","2,453","11.63K","0.00%"
"02/10/2023","2,473","2,473","2,473","2,443","22.96K","0.00%"
"02/09/2023","2,473","2,463","2,473","2,423","89.65K","0.81%"
"02/08/2023","2,453","2,443","2,463","2,443","4.21K","0.41%"
"02/07/2023","2,443","2,443","2,453","2,433","41.92K","0.41%"
"02/06/2023","2,433","2,433","2,483","2,413","49.84K","0.00%"
"02/03/2023","2,433","2,423","2,443","2,403","15.64K","0.41%"
"02/02/2023","2,423","2,433","2,443","2,413","11.13K","-0.41%"
"02/01/2023","2,433","2,443","2,443","2,413","10.43K","0.41%"
"01/31/2023","2,423","2,423","2,443","2,413","12.03K","0.00%"
"01/30/2023","2,423","2,433","2,443","2,413","117.13K","-0.41%"
"01/27/2023","2,433","2,433","2,433","2,413","67.59K","0.00%"
"01/26/2023","2,433","2,413","2,433","2,413","20.66K","0.00%"
"01/25/2023","2,433","2,443","2,443","2,393","15.24K","0.41%"
"01/24/2023","2,423","2,413","2,423","2,383","61.87K","0.41%"
"01/20/2023","2,413","2,403","2,423","2,393","6.22K","0.00%"
"01/19/2023","2,413","2,393","2,433","2,393","35.20K","0.83%"
"01/18/2023","2,393","2,413","2,443","2,383","37.20K","-2.04%"
"01/17/2023","2,443","2,423","2,453","2,393","51.54K","0.82%"
"01/16/2023","2,423","2,473","2,473","2,413","20.16K","0.00%"
"01/13/2023","2,423","2,423","2,433","2,403","44.12K","0.00%"
"01/12/2023","2,423","2,453","2,453","2,294","145.50K","-1.22%"
"01/11/2023","2,453","2,463","2,463","2,413","16.35K","1.23%"
"01/10/2023","2,423","2,483","2,483","2,413","63.88K","-3.19%"
"01/09/2023","2,503","2,503","2,503","2,493","9.03K","-0.79%"
"01/06/2023","2,523","2,483","2,543","2,483","12.64K","1.61%"
"01/05/2023","2,483","2,523","2,553","2,483","31.99K","-1.97%"
"01/04/2023","2,533","2,573","2,573","2,533","5.32K","-1.55%"
"01/03/2023","2,573","2,503","2,613","2,503","6.32K","3.20%"
"01/02/2023","2,493","2,643","2,643","2,463","34.90K","-5.66%"
"12/30/2022","2,643","2,603","2,643","2,573","21.56K","1.53%"
"12/29/2022","2,603","2,613","2,613","2,533","5.21K","-0.38%"
"12/28/2022","2,613","2,623","2,633","2,613","3.31K","-0.38%"
"12/27/2022","2,623","2,593","2,623","2,593","1.71K","1.15%"
"12/26/2022","2,593","2,623","2,623","2,583","3.11K","-0.76%"
"12/23/2022","2,613","2,613","2,613","2,563","38.51K","0.00%"
"12/22/2022","2,613","2,543","2,633","2,543","29.28K","2.34%"
"12/21/2022","2,553","2,573","2,573","2,533","14.44K","-0.78%"
"12/20/2022","2,573","2,583","2,583","2,573","1.71K","-0.39%"
"12/19/2022","2,583","2,573","2,583","2,513","9.23K","0.00%"
"12/16/2022","2,583","2,593","2,593","2,573","2.41K","-0.38%"
"12/15/2022","2,593","2,583","2,593","2,583","2.21K","0.00%"
"12/14/2022","2,593","2,593","2,593","2,593","2.61K","0.00%"
"12/13/2022","2,593","2,593","2,593","2,573","6.52K","0.39%"
"12/12/2022","2,583","2,593","2,643","2,583","22.56K","-2.26%"
"12/09/2022","2,643","2,613","2,643","2,613","102.59K","0.76%"
"12/08/2022","2,623","2,573","2,623","2,543","164.26K","1.94%"
"12/07/2022","2,573","2,613","2,613","2,563","60.97K","-1.53%"
"12/06/2022","2,613","2,623","2,623","2,603","11.63K","-0.38%"
"12/05/2022","2,623","2,623","2,643","2,623","29.08K","0.00%"
"12/02/2022","2,623","2,643","2,643","2,603","4.91K","-0.75%"
"12/01/2022","2,643","2,643","2,643","2,593","26.77K","0.38%"
"11/30/2022","2,633","2,623","2,643","2,593","131.36K","-0.38%"
"11/29/2022","2,643","2,643","2,653","2,623","4.51K","0.00%"
"11/28/2022","2,643","2,643","2,643","2,613","31.39K","0.00%"
"11/25/2022","2,643","2,643","2,653","2,613","14.14K","0.00%"
"11/24/2022","2,643","2,593","2,643","2,593","9.83K","1.53%"
"11/23/2022","2,603","2,603","2,643","2,573","15.14K","0.00%"
"11/22/2022","2,603","2,613","2,613","2,593","11.13K","-0.38%"
"11/21/2022","2,613","2,593","2,623","2,593","12.74K","0.38%"
"11/18/2022","2,603","2,633","2,673","2,533","56.56K","-1.14%"
"11/17/2022","2,633","2,623","2,633","2,593","73.60K","0.38%"
"11/16/2022","2,623","2,613","2,623","2,553","87.04K","0.00%"
"11/15/2022","2,623","2,673","2,673","2,593","25.87K","-0.75%"
"11/14/2022","2,643","2,693","2,693","2,623","33.69K","-1.85%"
"11/11/2022","2,693","2,702","2,712","2,653","47.53K","-0.37%"
"11/10/2022","2,702","2,693","2,712","2,653","43.02K","0.37%"
"11/09/2022","2,693","2,643","2,732","2,563","87.64K","1.89%"
"11/08/2022","2,643","2,683","2,702","2,643","37.81K","-1.49%"
"11/07/2022","2,683","2,663","2,722","2,663","34.50K","0.75%"
"11/04/2022","2,663","2,812","2,812","2,653","225.43K","-5.32%"
"11/03/2022","2,812","2,842","2,892","2,792","371.73K","-1.05%"
"11/02/2022","2,842","2,583","2,982","2,583","773.85K","10.04%"
"11/01/2022","2,583","2,553","2,583","2,543","48.74K","1.17%"
"10/31/2022","2,553","2,563","2,563","2,523","34.60K","0.00%"
"10/28/2022","2,553","2,563","2,593","2,523","109.20K","-0.39%"
"10/27/2022","2,563","2,533","2,573","2,533","71.80K","0.78%"
"10/26/2022","2,543","2,533","2,573","2,523","99.28K","0.39%"
"10/25/2022","2,533","2,553","2,563","2,513","37.00K","-0.39%"
"10/24/2022","2,543","2,503","2,543","2,503","87.74K","1.59%"
"10/21/2022","2,503","2,463","2,513","2,463","107.40K","1.62%"
"10/20/2022","2,463","2,453","2,463","2,453","12.84K","0.41%"
"10/19/2022","2,453","2,453","2,473","2,443","55.86K","0.00%"
"10/18/2022","2,453","2,423","2,453","2,403","43.82K","1.65%"
"10/17/2022","2,413","2,433","2,443","2,393","21.56K","-1.63%"
"10/14/2022","2,453","2,433","2,453","2,423","13.34K","0.82%"
"10/13/2022","2,433","2,413","2,443","2,413","9.33K","-0.41%"
"10/12/2022","2,443","2,463","2,463","2,413","22.66K","-0.81%"
"10/11/2022","2,463","2,463","2,463","2,433","7.62K","0.00%"
"10/10/2022","2,463","2,453","2,463","2,443","33.19K","0.41%"
"10/07/2022","2,453","2,453","2,453","2,443","22.36K","-0.40%"
"10/06/2022","2,463","2,463","2,463","2,443","16.35K","0.00%"
"10/05/2022","2,463","2,463","2,463","2,443","92.46K","0.00%"
"10/04/2022","2,463","2,453","2,473","2,453","20.86K","0.00%"
"10/03/2022","2,463","2,463","2,463","2,443","3.51K","0.41%"
"09/30/2022","2,453","2,443","2,453","2,413","24.47K","0.00%"
"09/29/2022","2,453","2,463","2,463","2,443","33.09K","-0.40%"
"09/28/2022","2,463","2,463","2,463","2,453","1.50K","0.00%"
"09/27/2022","2,463","2,473","2,473","2,453","7.22K","0.41%"
"09/26/2022","2,453","2,463","2,483","2,453","17.75K","-0.81%"
"09/23/2022","2,473","2,473","2,493","2,453","50.44K","0.40%"
"09/22/2022","2,463","2,453","2,463","2,443","33.59K","0.41%"
"09/21/2022","2,453","2,473","2,473","2,453","50.94K","-0.81%"
"09/20/2022","2,473","2,483","2,483","2,463","25.87K","-0.40%"
"09/19/2022","2,483","2,463","2,493","2,463","19.35K","0.81%"
"09/16/2022","2,463","2,453","2,463","2,443","136.08K","0.41%"
"09/15/2022","2,453","2,463","2,463","2,453","46.23K","-0.40%"
"09/14/2022","2,463","2,463","2,463","2,453","44.93K","0.00%"
"09/13/2022","2,463","2,463","2,473","2,453","90.15K","-0.40%"
"09/12/2022","2,473","2,463","2,473","2,463","89.55K","0.40%"
"09/09/2022","2,463","2,473","2,473","2,463","64.18K","-0.40%"
"09/08/2022","2,473","2,473","2,473","2,453","82.33K","0.00%"
"09/07/2022","2,473","2,473","2,483","2,463","163.86K","0.00%"
"09/06/2022","2,473","2,463","2,473","2,463","202.06K","0.00%"
"09/05/2022","2,473","2,453","2,473","2,453","97.17K","0.00%"
"09/02/2022","2,473","2,473","2,473","2,453","108.80K","0.00%"
"09/01/2022","2,473","2,473","2,473","2,453","91.96K","0.00%"
"08/31/2022","2,473","2,473","2,473","2,463","86.64K","0.00%"
"08/30/2022","2,473","2,473","2,473","2,453","105.59K","0.00%"
"08/29/2022","2,473","2,463","2,493","2,453","244.38K","0.40%"
"08/26/2022","2,463","2,473","2,473","2,463","158.84K","-1.20%"
"08/25/2022","2,493","2,483","2,493","2,473","16.45K","0.40%"
"08/24/2022","2,483","2,483","2,483","2,473","236.56K","0.00%"
"08/23/2022","2,483","2,493","2,493","2,473","32.09K","0.40%"
"08/22/2022","2,473","2,473","2,493","2,453","149.01K","0.00%"
"08/19/2022","2,473","2,483","2,493","2,463","160.75K","-0.40%"
"08/18/2022","2,483","2,493","2,493","2,463","10.13K","0.81%"
"08/16/2022","2,463","2,483","2,483","2,463","81.33K","-0.80%"
"08/15/2022","2,483","2,503","2,503","2,463","98.98K","-0.40%"
"08/12/2022","2,493","2,493","2,503","2,483","16.65K","0.00%"
"08/11/2022","2,493","2,493","2,503","2,483","74.91K","0.00%"
"08/10/2022","2,493","2,483","2,493","2,473","5.72K","0.40%"
"08/09/2022","2,483","2,493","2,493","2,483","232.35K","-0.40%"
"08/08/2022","2,493","2,503","2,523","2,483","60.27K","-0.40%"
"08/05/2022","2,503","2,513","2,513","2,493","39.71K","-0.79%"
"08/04/2022","2,523","2,493","2,523","2,493","17.65K","0.00%"
"08/03/2022","2,523","2,513","2,523","2,503","35.10K","0.80%"
"08/02/2022","2,503","2,483","2,523","2,463","18.35K","0.80%"
"08/01/2022","2,483","2,503","2,503","2,483","7.62K","-0.80%"
"07/29/2022","2,503","2,483","2,503","2,443","71.30K","0.80%"
"07/28/2022","2,483","2,493","2,503","2,473","82.23K","0.81%"
"07/27/2022","2,463","2,473","2,493","2,453","3.61K","-0.80%"
"07/26/2022","2,483","2,453","2,493","2,443","7.72K","1.22%"
"07/25/2022","2,453","2,463","2,493","2,453","7.42K","0.00%"
"07/22/2022","2,453","2,473","2,473","2,443","4.81K","-0.40%"
"07/21/2022","2,463","2,453","2,493","2,453","10.73K","0.41%"
"07/20/2022","2,453","2,463","2,493","2,433","38.81K","0.00%"
"07/19/2022","2,453","2,453","2,453","2,453","7.32K","0.00%"
"07/18/2022","2,453","2,373","2,463","2,373","27.98K","3.36%"
"07/15/2022","2,373","2,463","2,463","2,373","29.78K","-3.64%"
"07/14/2022","2,463","2,433","2,463","2,413","12.03K","1.23%"
"07/13/2022","2,433","2,443","2,443","2,413","17.45K","-1.21%"
"07/12/2022","2,463","2,443","2,463","2,433","2.01K","0.41%"
"07/11/2022","2,453","2,433","2,453","2,433","5.82K","0.00%"
"07/08/2022","2,453","2,403","2,463","2,403","9.53K","-0.40%"
"07/07/2022","2,463","2,463","2,463","2,413","1.30K","0.00%"
"07/06/2022","2,463","2,403","2,463","2,403","14.04K","-1.20%"
"07/05/2022","2,493","2,433","2,493","2,403","3.81K","2.46%"
"07/04/2022","2,433","2,463","2,463","2,353","35.60K","-1.21%"
"07/01/2022","2,463","2,493","2,493","2,463","19.35K","-1.20%"
"06/30/2022","2,493","2,483","2,493","2,473","18.55K","-0.40%"
"06/29/2022","2,503","2,483","2,503","2,483","30.59K","0.40%"
"06/28/2022","2,493","2,493","2,493","2,483","3.51K","0.00%"
"06/27/2022","2,493","2,493","2,503","2,483","11.93K","-0.40%"
"06/24/2022","2,503","2,483","2,503","2,473","2.41K","0.80%"
"06/23/2022","2,483","2,493","2,493","2,473","11.73K","-0.40%"
"06/22/2022","2,493","2,503","2,513","2,473","16.65K","0.40%"
"06/21/2022","2,483","2,473","2,483","2,463","45.93K","0.00%"
"06/20/2022","2,483","2,483","2,483","2,463","27.68K","0.00%"
"06/17/2022","2,483","2,493","2,493","2,463","12.23K","0.00%"
"06/16/2022","2,483","2,493","2,493","2,443","65.28K","-0.40%"
"06/15/2022","2,493","2,493","2,503","2,473","28.28K","-0.40%"
"06/14/2022","2,503","2,483","2,503","2,483","7.92K","0.80%"
"06/13/2022","2,483","2,493","2,493","2,473","22.26K","-0.40%"
"06/10/2022","2,493","2,513","2,523","2,493","27.48K","-0.79%"
"06/09/2022","2,513","2,513","2,523","2,493","53.05K","0.00%"
"06/08/2022","2,513","2,493","2,513","2,493","47.73K","0.40%"
"06/07/2022","2,503","2,493","2,513","2,493","35.00K","0.40%"
"06/06/2022","2,493","2,513","2,513","2,483","33.79K","-0.79%"
"06/03/2022","2,513","2,533","2,533","2,503","27.98K","-0.40%"
"06/02/2022","2,523","2,533","2,533","2,483","48.74K","0.40%"
"05/31/2022","2,513","2,533","2,533","2,493","49.64K","0.40%"
"05/30/2022","2,503","2,503","2,523","2,503","11.73K","0.00%"
"05/27/2022","2,503","2,503","2,523","2,493","35.20K","0.40%"
"05/25/2022","2,493","2,493","2,503","2,473","58.66K","0.00%"
"05/24/2022","2,493","2,533","2,533","2,483","36.20K","-1.19%"
"05/23/2022","2,523","2,523","2,533","2,493","20.96K","0.80%"
"05/20/2022","2,503","2,523","2,523","2,493","73.20K","-0.79%"
"05/19/2022","2,523","2,523","2,523","2,493","24.97K","0.00%"
"05/18/2022","2,523","2,503","2,543","2,503","45.73K","1.20%"
"05/17/2022","2,493","2,523","2,543","2,483","70.09K","-2.34%"
"05/13/2022","2,553","2,533","2,553","2,533","3.71K","0.39%"
"05/12/2022","2,543","2,553","2,553","2,533","84.53K","0.00%"
"05/11/2022","2,543","2,563","2,563","2,543","41.82K","-0.78%"
"05/10/2022","2,563","2,533","2,563","2,523","31.49K","1.18%"
"05/09/2022","2,533","2,573","2,593","2,533","111.51K","-1.55%"
"04/28/2022","2,573","2,583","2,593","2,543","21.76K","-0.39%"
"04/27/2022","2,583","2,573","2,603","2,573","22.06K","0.39%"
"04/26/2022","2,573","2,573","2,573","2,563","33.49K","0.39%"
"04/25/2022","2,563","2,593","2,593","2,533","76.31K","-1.15%"
"04/22/2022","2,593","2,603","2,613","2,573","62.47K","-0.76%"
"04/21/2022","2,613","2,593","2,643","2,593","95.77K","0.77%"
"04/20/2022","2,593","2,573","2,613","2,553","42.12K","0.78%"
"04/19/2022","2,573","2,563","2,593","2,553","75.61K","0.39%"
"04/18/2022","2,563","2,553","2,563","2,553","34.60K","0.39%"
"04/14/2022","2,553","2,573","2,573","2,543","6.02K","-0.39%"
"04/13/2022","2,563","2,553","2,563","2,553","10.03K","0.39%"
"04/12/2022","2,553","2,583","2,583","2,553","22.66K","-0.78%"
"04/11/2022","2,573","2,583","2,593","2,493","166.06K","-0.39%"
"04/08/2022","2,583","2,583","2,593","2,583","11.63K","0.00%"
"04/07/2022","2,583","2,603","2,613","2,543","34.70K","-1.14%"
"04/06/2022","2,613","2,603","2,613","2,583","10.03K","0.38%"
"04/05/2022","2,603","2,563","2,603","2,563","40.81K","1.16%"
"04/04/2022","2,573","2,603","2,633","2,543","106.80K","-1.15%"
"04/01/2022","2,603","2,663","2,663","2,543","71.20K","-2.25%"
"03/31/2022","2,663","2,623","2,693","2,563","73.81K","1.52%"
"03/30/2022","2,623","2,593","2,623","2,583","8.82K","1.15%"
"03/29/2022","2,593","2,583","2,593","2,583","12.64K","0.00%"
"03/28/2022","2,593","2,593","2,593","2,543","68.29K","-0.38%"
"03/25/2022","2,603","2,603","2,613","2,603","17.45K","0.00%"
"03/24/2022","2,603","2,603","2,623","2,593","10.73K","0.77%"
"03/23/2022","2,583","2,603","2,603","2,543","43.52K","-1.04%"
"03/22/2022","2,610","2,610","2,610","2,590","20.80K","0.00%"
"03/21/2022","2,610","2,610","2,610","2,560","43.70K","0.00%"
"03/18/2022","2,610","2,590","2,610","2,570","15.60K","1.16%"
"03/17/2022","2,580","2,600","2,640","2,550","54.00K","-0.77%"
"03/16/2022","2,600","2,620","2,670","2,550","51.90K","-0.76%"
"03/15/2022","2,620","2,620","2,620","2,610","15.20K","0.00%"
"03/14/2022","2,620","2,590","2,620","2,590","3.20K","1.16%"
"03/11/2022","2,590","2,610","2,610","2,590","11.10K","-0.77%"
"03/10/2022","2,610","2,600","2,610","2,580","24.90K","0.38%"
"03/09/2022","2,600","2,590","2,600","2,580","43.80K","0.00%"
"03/08/2022","2,600","2,600","2,620","2,590","25.90K","-0.38%"
"03/07/2022","2,610","2,650","2,650","2,610","33.80K","-1.51%"
"03/04/2022","2,650","2,620","2,670","2,620","8.90K","1.53%"
"03/02/2022","2,610","2,630","2,630","2,600","42.00K","-0.76%"
"03/01/2022","2,630","2,640","2,640","2,620","34.50K","-0.38%"
"02/25/2022","2,640","2,650","2,650","2,630","108.00K","-0.75%"
"02/24/2022","2,660","2,670","2,730","2,640","145.70K","-0.37%"
"02/23/2022","2,670","2,670","2,670","2,640","2.30K","0.00%"
"02/22/2022","2,670","2,660","2,670","2,630","7.30K","0.00%"
"02/21/2022","2,670","2,640","2,670","2,640","18.90K","0.75%"
"02/18/2022","2,650","2,680","2,680","2,640","4.00K","-1.12%"
"02/17/2022","2,680","2,690","2,690","2,650","6.20K","0.00%"
"02/16/2022","2,680","2,640","2,680","2,640","27.90K","1.52%"
"02/15/2022","2,640","2,650","2,650","2,600","20.30K","-0.75%"
"02/14/2022","2,660","2,680","2,680","2,610","6.40K","-0.75%"
"02/11/2022","2,680","2,640","2,680","2,630","20.20K","1.52%"
"02/10/2022","2,640","2,650","2,680","2,630","34.10K","-0.38%"
"02/09/2022","2,650","2,650","2,650","2,620","15.40K","0.38%"
"02/08/2022","2,640","2,630","2,660","2,620","23.70K","0.38%"
"02/07/2022","2,630","2,700","2,700","2,620","10.90K","-0.75%"
"02/04/2022","2,650","2,600","2,650","2,600","56.00K","1.53%"
"02/03/2022","2,610","2,590","2,610","2,560","13.60K","1.56%"
"02/02/2022","2,570","2,580","2,590","2,570","10.60K","0.00%"
"01/31/2022","2,570","2,600","2,610","2,570","5.20K","-0.77%"
"01/28/2022","2,590","2,590","2,590","2,570","6.70K","0.00%"
"01/27/2022","2,590","2,580","2,600","2,550","18.90K","0.39%"
"01/26/2022","2,580","2,600","2,600","2,580","11.60K","-0.77%"
"01/25/2022","2,600","2,570","2,680","2,570","51.70K","1.17%"
"01/24/2022","2,570","2,590","2,610","2,570","36.90K","-1.53%"
"01/21/2022","2,610","2,610","2,620","2,590","10.80K","0.00%"
"01/20/2022","2,610","2,620","2,620","2,600","6.40K","-0.38%"
"01/19/2022","2,620","2,610","2,620","2,600","6.60K","0.38%"
"01/18/2022","2,610","2,600","2,610","2,580","26.40K","0.00%"
"01/17/2022","2,610","2,660","2,660","2,600","7.80K","-1.51%"
"01/14/2022","2,650","2,670","2,670","2,600","6.60K","0.76%"
"01/13/2022","2,630","2,620","2,630","2,620","1.30K","0.00%"
"01/12/2022","2,630","2,650","2,650","2,630","8.40K","0.38%"
"01/11/2022","2,620","2,600","2,620","2,600","3.90K","0.77%"
"01/10/2022","2,600","2,620","2,620","2,600","94.90K","-0.76%"
"01/07/2022","2,620","2,630","2,630","2,610","61.40K","-1.50%"
"01/06/2022","2,660","2,680","2,680","2,660","5.20K","-0.75%"
"01/05/2022","2,680","2,670","2,680","2,660","8.60K","0.37%"
"01/04/2022","2,670","2,660","2,670","2,650","23.80K","0.00%"
"01/03/2022","2,670","2,620","2,680","2,620","10.10K","1.91%"
"12/30/2021","2,620","2,640","2,650","2,620","31.40K","-0.76%"
"12/29/2021","2,640","2,640","2,650","2,640","4.10K","0.00%"
"12/28/2021","2,640","2,650","2,650","2,640","47.10K","0.00%"
"12/27/2021","2,640","2,650","2,650","2,620","28.70K","-0.38%"
"12/24/2021","2,650","2,650","2,670","2,650","9.10K","-0.75%"
"12/23/2021","2,670","2,680","2,680","2,650","10.90K","-0.37%"
"12/22/2021","2,680","2,680","2,680","2,660","5.90K","0.00%"
"12/21/2021","2,680","2,670","2,700","2,660","9.10K","-0.74%"
"12/20/2021","2,700","2,710","2,710","2,670","6.40K","-0.74%"
"12/17/2021","2,720","2,680","2,730","2,680","9.70K","0.74%"
"12/16/2021","2,700","2,690","2,700","2,680","27.20K","0.37%"
"12/15/2021","2,690","2,720","2,720","2,680","9.10K","-1.10%"
"12/14/2021","2,720","2,730","2,730","2,670","12.20K","-0.37%"
"12/13/2021","2,730","2,700","2,770","2,700","35.70K","1.11%"
"12/10/2021","2,700","2,740","2,740","2,700","3.40K","-1.46%"
"12/09/2021","2,740","2,730","2,780","2,720","21.10K","0.00%"
"12/08/2021","2,740","2,730","2,780","2,730","76.80K","0.74%"
"12/07/2021","2,720","2,700","2,730","2,700","40.20K","0.74%"
"12/06/2021","2,700","2,670","2,710","2,650","22.00K","1.12%"
"12/03/2021","2,670","2,670","2,670","2,650","27.50K","0.00%"
"12/02/2021","2,670","2,650","2,690","2,620","36.20K","-0.37%"
"12/01/2021","2,680","2,660","2,690","2,630","21.10K","0.75%"
"11/30/2021","2,660","2,680","2,690","2,640","60.30K","-0.75%"
"11/29/2021","2,680","2,700","2,700","2,670","61.30K","-0.74%"
"11/26/2021","2,700","2,720","2,720","2,700","19.30K","-0.74%"
"11/25/2021","2,720","2,710","2,730","2,710","30.10K","0.00%"
"11/24/2021","2,720","2,710","2,720","2,700","88.20K","0.37%"
"11/23/2021","2,710","2,710","2,730","2,700","51.80K","-0.37%"
"11/22/2021","2,720","2,720","2,720","2,690","28.30K","0.37%"
"11/19/2021","2,710","2,710","2,710","2,700","28.30K","0.00%"
"11/18/2021","2,710","2,720","2,730","2,700","43.50K","-0.37%"
"11/17/2021","2,720","2,730","2,730","2,720","11.90K","-0.37%"
"11/16/2021","2,730","2,700","2,740","2,700","105.20K","1.11%"
"11/15/2021","2,700","2,730","2,730","2,700","94.30K","-1.10%"
"11/12/2021","2,730","2,730","2,730","2,710","19.20K","0.00%"
"11/11/2021","2,730","2,740","2,740","2,720","13.50K","0.00%"
"11/10/2021","2,730","2,730","2,740","2,720","29.70K","0.00%"
"11/09/2021","2,730","2,720","2,740","2,720","69.10K","0.37%"
"11/08/2021","2,720","2,710","2,730","2,690","43.20K","0.74%"
"11/05/2021","2,700","2,730","2,730","2,700","117.40K","-0.74%"
"11/04/2021","2,720","2,700","2,740","2,700","37.00K","0.74%"
"11/03/2021","2,700","2,790","2,790","2,670","230.40K","0.37%"
"11/02/2021","2,690","2,700","2,780","2,690","499.20K","-3.24%"
"11/01/2021","2,780","2,790","2,800","2,750","47.70K","0.00%"
"10/29/2021","2,780","2,750","2,800","2,740","42.10K","-0.71%"
"10/28/2021","2,800","2,840","2,840","2,750","49.30K","-1.41%"
"10/27/2021","2,840","2,800","2,840","2,790","21.40K","1.43%"
"10/26/2021","2,800","2,860","2,880","2,730","44.80K","-2.10%"
"10/25/2021","2,860","2,870","2,870","2,800","35.90K","-0.35%"
"10/22/2021","2,870","2,890","2,900","2,840","19.70K","-1.03%"
"10/21/2021","2,900","2,890","2,900","2,890","127.10K","0.00%"
"10/19/2021","2,900","2,890","2,900","2,870","55.60K","0.35%"
"10/18/2021","2,890","2,870","2,900","2,870","248.70K","0.70%"
"10/15/2021","2,870","2,850","2,880","2,850","43.90K","0.70%"
"10/14/2021","2,850","2,840","2,870","2,830","92.50K","0.35%"
"10/13/2021","2,840","2,820","2,850","2,810","48.70K","0.71%"
"10/12/2021","2,820","2,810","2,820","2,810","36.90K","0.36%"
"10/11/2021","2,810","2,820","2,820","2,810","47.10K","-0.35%"
"10/08/2021","2,820","2,820","2,820","2,800","96.60K","0.00%"
"10/07/2021","2,820","2,800","2,850","2,800","78.20K","0.71%"
"10/06/2021","2,800","2,780","2,800","2,770","47.90K","0.72%"
"10/05/2021","2,780","2,780","2,790","2,770","169.50K","0.00%"
"10/04/2021","2,780","2,750","2,790","2,750","80.00K","1.09%"
"10/01/2021","2,750","2,770","2,770","2,740","187.20K","-0.72%"
"09/30/2021","2,770","2,780","2,780","2,750","11.00K","-0.36%"
"09/29/2021","2,780","2,740","2,780","2,730","12.50K","0.00%"
"09/28/2021","2,780","2,790","2,790","2,740","17.70K","-0.71%"
"09/27/2021","2,800","2,760","2,820","2,740","49.40K","2.19%"
"09/24/2021","2,740","2,750","2,750","2,730","40.80K","-0.36%"
"09/23/2021","2,750","2,740","2,760","2,740","5.50K","0.36%"
"09/22/2021","2,740","2,740","2,760","2,740","25.10K","0.00%"
"09/21/2021","2,740","2,740","2,740","2,720","12.30K","0.00%"
"09/20/2021","2,740","2,760","2,790","2,740","38.50K","-0.72%"
"09/17/2021","2,760","2,760","2,790","2,700","63.00K","0.00%"
"09/16/2021","2,760","2,800","2,800","2,760","25.40K","-0.36%"
"09/15/2021","2,770","2,790","2,790","2,770","54.40K","-0.72%"
"09/14/2021","2,790","2,800","2,800","2,780","13.10K","-0.36%"
"09/13/2021","2,800","2,800","2,820","2,790","11.80K","0.00%"
"09/10/2021","2,800","2,800","2,810","2,800","43.60K","0.72%"
"09/09/2021","2,780","2,800","2,800","2,770","14.90K","0.36%"
"09/08/2021","2,770","2,820","2,820","2,770","37.70K","-1.77%"
"09/07/2021","2,820","2,800","2,820","2,800","33.10K","0.71%"
"09/06/2021","2,800","2,790","2,810","2,790","204.90K","0.36%"
"09/03/2021","2,790","2,790","2,790","2,780","5.80K","0.00%"
"09/02/2021","2,790","2,790","2,800","2,790","8.80K","0.00%"
"09/01/2021","2,790","2,800","2,800","2,780","15.80K","-0.36%"
"08/31/2021","2,800","2,780","2,800","2,770","25.10K","0.72%"
"08/30/2021","2,780","2,780","2,810","2,770","13.40K","0.00%"
"08/27/2021","2,780","2,810","2,820","2,780","8.50K","-1.07%"
"08/26/2021","2,810","2,810","2,820","2,800","26.70K","-0.35%"
"08/25/2021","2,820","2,810","2,820","2,800","27.60K","0.36%"
"08/24/2021","2,810","2,810","2,810","2,800","10.70K","0.00%"
"08/23/2021","2,810","2,800","2,830","2,800","14.60K","0.36%"
"08/20/2021","2,800","2,800","2,820","2,770","5.80K","-0.71%"
"08/19/2021","2,820","2,850","2,860","2,780","53.50K","-1.05%"
"08/18/2021","2,850","2,770","2,850","2,700","193.20K","2.89%"
"08/16/2021","2,770","2,770","2,770","2,750","25.80K","0.00%"
"08/13/2021","2,770","2,810","2,810","2,750","115.10K","-1.42%"
"08/12/2021","2,810","2,780","2,840","2,780","44.20K","1.08%"
"08/10/2021","2,780","2,870","2,870","2,750","37.00K","0.36%"
"08/09/2021","2,770","2,830","2,860","2,770","114.50K","-1.77%"
"08/06/2021","2,820","2,820","2,830","2,810","42.20K","0.36%"
"08/05/2021","2,810","2,800","2,830","2,790","70.80K","0.36%"
"08/04/2021","2,800","2,790","2,830","2,750","177.00K","-0.36%"
"08/03/2021","2,810","2,830","2,830","2,740","40.10K","0.00%"
"08/02/2021","2,810","2,840","2,840","2,800","15.20K","-0.71%"
"07/30/2021","2,830","2,870","2,870","2,820","56.20K","0.35%"
"07/29/2021","2,820","2,840","2,900","2,820","198.20K","0.36%"
"07/28/2021","2,810","2,800","2,860","2,760","81.50K","0.36%"
"07/27/2021","2,800","2,810","2,850","2,760","22.10K","1.08%"
"07/26/2021","2,770","2,860","2,860","2,760","50.90K","-1.07%"
"07/23/2021","2,800","2,840","2,840","2,750","75.60K","-1.41%"
"07/22/2021","2,840","2,820","2,880","2,820","49.70K","0.71%"
"07/21/2021","2,820","2,770","2,840","2,750","34.90K","1.81%"
"07/19/2021","2,770","2,800","2,800","2,770","59.00K","-1.07%"
"07/16/2021","2,800","2,850","2,850","2,800","19.10K","-2.10%"
"07/15/2021","2,860","2,800","2,860","2,790","87.70K","1.78%"
"07/14/2021","2,810","2,840","2,860","2,800","19.60K","-1.06%"
"07/13/2021","2,840","2,820","2,880","2,820","27.40K","-1.05%"
"07/12/2021","2,870","2,910","2,910","2,810","35.10K","2.14%"
"07/09/2021","2,810","2,860","2,860","2,810","8.30K","-2.09%"
"07/08/2021","2,870","2,870","2,870","2,800","6.00K","0.00%"
"07/07/2021","2,870","2,810","2,900","2,800","69.30K","1.41%"
"07/06/2021","2,830","2,840","2,840","2,800","31.80K","-0.35%"
"07/05/2021","2,840","2,750","2,860","2,750","46.80K","2.16%"
"07/02/2021","2,780","2,840","2,840","2,770","17.80K","-2.11%"
"07/01/2021","2,840","2,900","2,900","2,840","32.40K","-1.39%"
"06/30/2021","2,880","2,800","2,880","2,790","73.30K","3.23%"
"06/29/2021","2,790","2,760","2,800","2,750","27.40K","1.09%"
"06/28/2021","2,760","2,760","2,780","2,740","55.90K","0.00%"
"06/25/2021","2,760","2,750","2,760","2,740","7.60K","0.36%"
"06/24/2021","2,750","2,750","2,750","2,720","12.80K","0.00%"
"06/23/2021","2,750","2,780","2,780","2,700","51.10K","-1.08%"
"06/22/2021","2,780","2,800","2,810","2,770","38.80K","0.36%"
"06/21/2021","2,770","2,770","2,770","2,670","57.50K","0.00%"
"06/18/2021","2,770","2,860","2,860","2,760","44.70K","-3.15%"
"06/17/2021","2,860","2,810","2,880","2,780","86.30K","1.78%"
"06/16/2021","2,810","2,790","2,850","2,790","31.50K","0.72%"
"06/15/2021","2,790","2,820","2,820","2,790","22.40K","-1.06%"
"06/14/2021","2,820","2,850","2,870","2,820","59.90K","-0.70%"
"06/11/2021","2,840","2,860","2,860","2,840","46.10K","0.00%"
"06/10/2021","2,840","2,840","2,850","2,800","22.30K","0.00%"
"06/09/2021","2,840","2,860","2,860","2,830","5.90K","-0.70%"
"06/08/2021","2,860","2,870","2,880","2,840","83.90K","0.00%"
"06/07/2021","2,860","2,850","2,860","2,820","169.30K","0.70%"
"06/04/2021","2,840","2,830","2,840","2,800","53.60K","0.35%"
"06/03/2021","2,830","2,830","2,850","2,830","7.00K","0.35%"
"06/02/2021","2,820","2,810","2,830","2,800","95.90K","0.71%"
"05/31/2021","2,800","2,750","2,800","2,700","76.20K","1.82%"
"05/28/2021","2,750","2,760","2,760","2,740","15.10K","-1.08%"
"05/27/2021","2,780","2,780","2,790","2,750","65.30K","0.00%"
"05/25/2021","2,780","2,800","2,800","2,760","20.40K","-0.71%"
"05/24/2021","2,800","2,790","2,800","2,770","21.90K","0.36%"
"05/21/2021","2,790","2,810","2,810","2,750","7.80K","-0.71%"
"05/20/2021","2,810","2,790","2,810","2,790","10.00K","0.00%"
"05/19/2021","2,810","2,810","2,810","2,800","7.20K","0.00%"
"05/18/2021","2,810","2,800","2,810","2,800","6.60K","0.36%"
"05/17/2021","2,800","2,830","2,830","2,780","77.50K","-0.36%"
"05/11/2021","2,810","2,840","2,840","2,810","34.10K","-1.06%"
"05/10/2021","2,840","2,800","2,900","2,800","68.90K","1.07%"
"05/07/2021","2,810","2,810","2,820","2,800","15.80K","-0.35%"
"05/06/2021","2,820","2,810","2,820","2,800","87.00K","-0.70%"
"05/05/2021","2,840","2,840","2,840","2,810","36.00K","0.00%"
"05/04/2021","2,840","2,830","2,920","2,830","96.80K","0.35%"
"05/03/2021","2,830","2,790","2,830","2,790","119.00K","1.43%"
"04/30/2021","2,790","2,790","2,800","2,780","5.90K","0.36%"
"04/29/2021","2,780","2,780","2,790","2,750","126.80K","0.00%"
"04/28/2021","2,780","2,810","2,820","2,740","54.40K","-1.07%"
"04/27/2021","2,810","2,790","2,810","2,750","50.20K","0.72%"
"04/26/2021","2,790","2,800","2,800","2,780","3.70K","-0.36%"
"04/23/2021","2,800","2,780","2,800","2,750","31.50K","0.72%"
"04/22/2021","2,780","2,800","2,800","2,760","48.10K","-0.36%"
"04/21/2021","2,790","2,820","2,820","2,780","36.30K","-0.36%"
"04/20/2021","2,800","2,800","2,800","2,780","8.30K","0.00%"
"04/19/2021","2,800","2,800","2,800","2,790","20.60K","0.00%"
"04/16/2021","2,800","2,820","2,820","2,790","16.40K","-0.71%"
"04/15/2021","2,820","2,830","2,830","2,820","20.40K","0.00%"
"04/14/2021","2,820","2,800","2,830","2,780","11.60K","0.71%"
"04/13/2021","2,800","2,860","2,860","2,790","50.00K","-2.44%"
"04/12/2021","2,870","2,770","3,000","2,750","15.70K","2.14%"
"04/09/2021","2,810","2,800","2,830","2,790","42.00K","0.36%"
"04/08/2021","2,800","2,830","2,830","2,800","17.90K","0.00%"
"04/07/2021","2,800","2,780","2,830","2,780","17.90K","0.36%"
"04/06/2021","2,790","2,800","2,810","2,780","42.30K","0.00%"
"04/05/2021","2,790","2,880","2,880","2,790","20.70K","-1.76%"
"04/01/2021","2,840","2,840","2,840","2,820","3.20K","0.00%"
"03/31/2021","2,840","2,850","2,850","2,800","51.20K","-1.05%"
"03/30/2021","2,870","2,910","2,910","2,860","15.90K","-1.37%"
"03/29/2021","2,910","2,880","2,910","2,820","59.20K","1.04%"
"03/26/2021","2,880","2,890","2,900","2,880","11.00K","0.00%"
"03/25/2021","2,880","2,900","2,900","2,880","54.30K","-0.69%"
"03/24/2021","2,900","2,910","2,910","2,880","7.90K","-0.68%"
"03/23/2021","2,920","2,920","2,920","2,880","64.10K","0.00%"
"03/22/2021","2,920","2,920","2,920","2,910","41.50K","0.00%"
"03/19/2021","2,920","2,930","2,930","2,900","25.50K","0.00%"
"03/18/2021","2,920","2,910","2,920","2,900","50.40K","0.34%"
"03/17/2021","2,910","2,900","2,930","2,900","27.70K","0.00%"
"03/16/2021","2,910","2,900","2,910","2,890","49.40K","0.34%"
"03/15/2021","2,900","2,900","2,910","2,890","38.90K","0.35%"
"03/12/2021","2,890","2,890","2,910","2,890","20.90K","0.00%"
"03/10/2021","2,890","2,890","2,920","2,880","47.00K","0.00%"
"03/09/2021","2,890","2,900","2,920","2,890","101.40K","-0.69%"
"03/08/2021","2,910","2,920","2,950","2,900","19.90K","-0.34%"
"03/05/2021","2,920","2,920","2,920","2,900","27.60K","-0.68%"
"03/04/2021","2,940","2,950","2,960","2,900","14.70K","0.00%"
"03/03/2021","2,940","2,960","2,960","2,900","44.10K","-0.34%"
"03/02/2021","2,950","2,960","2,960","2,920","36.20K","-0.34%"
"03/01/2021","2,960","2,900","3,000","2,890","148.40K","2.42%"
"02/26/2021","2,890","2,900","2,950","2,870","71.90K","-0.34%"
"02/25/2021","2,900","2,900","2,930","2,900","80.00K","0.00%"
"02/24/2021","2,900","2,910","2,910","2,890","33.10K","0.35%"
"02/23/2021","2,890","2,890","2,900","2,830","64.90K","0.00%"
"02/22/2021","2,890","2,850","2,930","2,850","34.80K","1.40%"
"02/19/2021","2,850","2,890","2,900","2,820","64.70K","-1.38%"
"02/18/2021","2,890","2,960","2,980","2,880","108.80K","-0.34%"
"02/17/2021","2,900","2,900","3,000","2,850","155.50K","0.00%"
"02/16/2021","2,900","2,960","2,960","2,890","83.00K","-2.03%"
"02/15/2021","2,960","2,870","3,000","2,870","111.10K","3.50%"
"02/11/2021","2,860","2,820","2,870","2,820","27.10K","1.42%"
"02/10/2021","2,820","2,850","2,850","2,800","26.80K","-1.05%"
"02/09/2021","2,850","2,900","2,900","2,850","88.00K","-1.04%"
"02/08/2021","2,880","2,830","2,880","2,830","53.10K","2.13%"
"02/05/2021","2,820","2,840","2,850","2,800","18.90K","0.00%"
"02/04/2021","2,820","2,790","2,830","2,790","47.50K","1.08%"
"02/03/2021","2,790","2,760","2,820","2,700","41.80K","1.09%"
"02/02/2021","2,760","2,780","2,800","2,760","58.30K","0.00%"
"02/01/2021","2,760","2,630","2,760","2,570","106.20K","4.94%"
"01/29/2021","2,630","2,690","2,690","2,610","50.60K","-2.23%"